Age,EnvironmentSatisfaction,JobInvolvement,JobLevel,JobSatisfaction,MaritalStatus,MonthlyIncome,OverTime,TotalWorkingYears,YearsInCurrentRole,YearsAtCompany,Attrition,C0,C1,C2,C3,C4
50,4,3,4,4,0,0.8642691415313225,0,32,4,5,0,20.249768299611468,-4.209398361590777,0.9461527980289712,1.8851898450232856,0.13348750825465006
36,2,3,2,2,0,0.20734022358152288,0,7,2,3,0,-6.377630969206944,-3.6875611455133654,-0.32229223474884794,-0.8132603677200763,-0.06048838308537566
21,2,3,1,2,2,0.08806159038177601,1,1,0,1,1,-21.519495884081437,1.7398684242319895,-0.41343766083074396,-0.9331296894352383,0.02799027557345002
52,2,3,3,2,2,0.4975743514026577,0,18,6,8,0,13.822663908141969,-5.843633975683785,-0.5059396105315722,-0.892314663151411,0.00379579933535433
33,2,3,3,3,1,0.6644695211980595,1,15,6,7,1,-1.442394461276642,4.1411345961512325,0.4379510797710906,-0.6266889235364546,0.1662044843263833
47,3,2,3,2,0,0.4916684243830416,0,28,11,22,0,21.813496670522817,10.667579977992848,-0.8015351756542966,0.20066336404075935,-0.024049197294905317
22,4,2,2,4,1,0.1985867960345919,0,4,2,2,0,-18.213683941016317,3.3146782474848866,0.9771120807955425,1.6953479118501988,-0.06864721342826036
33,3,3,2,4,0,0.22985657034380935,0,7,5,6,0,-7.0618597317468925,1.2609980573428672,1.1685817519708965,0.7209944924647371,-0.029181501662636417
40,3,2,3,4,-1,0.5191942628137524,0,15,11,12,0,5.678371989077654,5.2492865533229125,1.0702553625770308,0.6827728285330252,0.03642853861855894
27,4,1,2,4,2,0.21419531744357734,0,8,2,6,0,-11.018647430395017,3.907310297986591,0.987473131964739,1.6840302147264214,-0.06475704367073601
40,1,3,1,4,1,0.07366589327146171,0,8,0,1,0,-3.9866664025874172,-7.979209635784022,1.852502952885277,-1.110933547047309,0.0238744461591419
55,4,3,3,2,1,0.5255747732545877,0,23,2,3,0,16.936971155236925,-11.374691401983492,-0.9826857154988042,1.1407836238895035,0.018011595021072066
33,1,2,1,2,2,0.06876186458553048,1,5,2,2,1,-10.118022300555975,-3.067166235402661,-0.17680671660298874,-1.9376656289713552,0.006236137073007825
37,1,2,3,3,1,0.5062223159670955,1,17,1,14,1,3.939524480946446,4.975554969836917,1.005888227667813,-1.51225259445551,-0.0007676613552312639
46,4,2,5,2,1,0.9375659143640582,0,26,4,11,0,15.566213083306629,0.8568193808505864,-0.8521857068846123,1.1209987248980324,-0.008563083474028232
38,3,3,2,2,1,0.47010124446319346,0,10,8,9,0,-0.3453793542347512,2.094907467716437,-0.8627664708986011,0.05119885273673175,0.19538147253123528
30,1,2,2,4,1,0.19078253533009915,0,10,2,9,0,-6.757570047450841,4.582243325797103,1.938061601585334,-1.0997019301761601,-0.08178785617217896
36,4,1,2,4,0,0.23186036701117907,0,15,12,15,0,3.915916730620708,9.974920772005058,0.702012001887897,1.6386143847792987,-0.04461289311371969
40,2,3,5,2,2,0.9926175912254798,0,21,8,21,0,11.91664932119582,11.510061244078221,-0.3639513065202553,-0.8798538498207411,0.06039371723430689
53,3,3,4,3,0,0.7299620333263025,0,22,13,17,0,20.96408470815898,3.2087738551305307,0.027038576393714653,0.3221224321621463,0.027791422613041364
32,4,3,2,2,0,0.2352351824509597,0,10,5,9,0,-4.924285192871952,4.522516489423962,-1.0090664138287222,1.1048859627153984,-0.0409149242937564
55,4,3,2,3,1,0.15956549251212826,0,4,2,3,0,4.736275668089682,-15.68850402771651,-0.09952796138098075,1.186495047435777,-0.09085607049896904
30,3,1,2,4,2,0.2679814385150812,0,11,4,5,0,-7.038972230151632,2.8963953310648893,1.2095129059065608,0.7386211683185224,-0.012815199193525223
23,3,4,1,1,1,0.031217042817970886,1,1,0,0,1,-20.44865861066572,-0.12700131998419906,-1.6821050898937564,-0.2673494015268427,-0.02671535622457316
51,2,2,2,3,1,0.2701434296561907,0,10,0,1,0,4.9093686491511335,-14.045025431921383,0.6383917666391239,-0.5685804041601434,-0.0002713604129937486
42,4,2,2,4,1,0.26645222526893064,0,8,3,4,0,-1.1721384838164894,-5.980452392611225,0.8897175260209476,1.611547699936871,0.0006610226283420007
20,4,3,1,3,2,0.0,1,1,0,1,1,-22.21078522882638,2.335491649042863,-0.09098246161438173,1.2709337853339955,-0.0564393573022719
29,2,1,1,4,1,0.06111579835477747,0,6,4,5,0,-10.981769385507228,2.335212056516191,1.5073792509996615,-0.21506084952117188,0.004084712919103353
43,1,2,4,2,0,0.702752583843071,0,25,10,25,0,17.99212175724893,14.040743382538517,-0.06083770570801472,-1.7372432114189071,-0.02107156139750055
40,3,2,2,4,1,0.17997257962455177,0,16,1,1,0,1.34034850195561,-5.755516243822731,1.2718983645639395,0.8376410088372106,-0.10099674120284705
29,2,3,1,4,1,0.11189622442522675,0,10,8,10,0,-6.290310765372137,8.096908607954205,1.327432690702241,-0.1801290078819977,0.058421068406783294
44,3,3,1,2,0,0.07029107783168108,1,6,3,5,1,-0.8554612530512031,-7.006223057015278,-0.8216086898954511,-0.05540569600857914,0.01592132645726034
47,1,3,4,3,1,0.8521408985446108,0,26,17,20,0,20.927847719223607,11.21901707662261,0.5080728427509598,-1.548464915540635,0.14195584147484205
32,1,3,2,4,1,0.22674541236026158,0,10,8,10,0,-4.156418500332109,6.351213588532129,1.6768305180759964,-1.1835618806854278,-0.03450855193213476
38,3,3,1,1,2,0.08489770090698166,0,8,0,0,0,-5.676499811936139,-7.483291729439179,-1.63979960045564,-0.15300934979687097,0.017251475923965573
58,4,1,2,3,0,0.2452541657878085,0,12,3,5,0,12.669852445568154,-13.938033756838854,-0.03457641625182739,1.27167822129889,-0.027918136145608508
45,2,3,3,4,1,0.441415313225058,0,10,1,3,0,1.6293371793718023,-8.711953309499611,1.5932658052482405,-0.2610687022210838,-0.03397349557997839
56,3,3,4,4,1,0.5322716726429023,0,30,7,10,0,25.065315482706197,-3.7526194748074264,1.1201176604285623,0.8022848817312465,-0.1817405469228551
37,3,1,2,4,0,0.44906137945581104,0,6,3,6,0,-5.259878436081735,-2.1005384019096986,1.2942164016160198,0.6743645014116071,0.1781241831606922
39,1,4,3,3,2,0.36231807635519936,0,9,7,8,0,-0.6869284103795721,0.2591534991802824,0.7174004891468366,-1.5853915346778245,-0.10636469922424696
54,3,2,3,3,1,0.5102826407930816,0,13,4,9,0,12.005859436507045,-8.24408898150366,0.2628699364216318,0.30381072941220344,0.024399480735229143
32,4,3,1,3,2,0.15903817759966254,0,10,7,8,0,-5.004942765912098,4.57455627553577,-0.2591912207142888,1.373138165776707,0.09741152798427595
48,1,3,3,3,1,0.6061484918793504,0,15,0,0,0,5.815807663140411,-11.761728027381244,0.9749796682272394,-1.4389437528376838,0.115018699670629
33,3,4,2,2,1,0.23618434929339804,0,6,5,6,0,-7.707469463483658,1.013207857364506,-0.7852037757235919,0.08207864260681408,-0.026724352050942257
31,2,1,2,3,1,0.27225268930605356,1,12,7,7,1,-4.6533495910211755,5.0092551194146395,0.41725275915972304,-0.6652719704636652,-0.0122580007985236
46,2,3,3,1,0,0.4979962033326303,0,24,13,24,0,19.49306024698398,12.456028309980546,-1.5281914684002524,-1.1221500858815738,-0.007672573053688514
38,4,3,2,4,0,0.24973634254376714,0,10,2,2,0,-3.3972343009322827,-4.864995478976967,0.9317203096199738,1.7250379891953358,-0.016951809282554242
38,4,3,2,2,1,0.1809217464669901,0,16,13,15,0,6.072405346995595,9.363066700430254,-1.326234656844471,1.0200828426708393,-0.09554311885190123
43,4,3,2,4,1,0.36057793714406244,0,10,9,10,0,3.5418531346039046,0.17462601839928737,0.6654982958923601,1.5632986619632918,0.09954066903463164
37,2,3,1,4,1,0.06944737397173592,0,4,2,4,0,-7.37935573641688,-4.325494792968696,1.4890394675496428,-0.23971006346562973,0.02661416213931475
30,3,2,2,4,1,0.16573507698797724,0,11,10,11,0,-4.284341673343107,9.201556757765196,1.01876556059649,0.6914009463299684,-0.1016180173213613
39,3,2,4,2,0,0.8497152499472685,0,21,9,19,0,10.712242420720791,11.129091947690466,-0.6751836662054018,0.13097019358685946,0.1260946751016782
43,1,2,5,3,1,0.9693630035857415,0,21,12,16,0,13.077729574240642,7.934403926962668,0.7612579623982854,-1.5829420686365592,0.047011929845255956
27,4,2,2,1,2,0.30594811221261337,0,9,6,7,0,-9.461174650079258,6.311007212327224,-2.0239436057464917,0.7364136467031948,0.018362509291732207
42,3,2,2,3,2,0.2760493566758068,0,10,4,5,0,0.5576899944181122,-4.488599182778815,0.19425780495115208,0.35218486918972935,0.0027857972228208377
31,1,4,1,3,0,0.15655979751107363,0,4,2,2,0,-12.096296083650877,-2.0881047734617173,0.8659198616781432,-1.4118188114170809,0.11124944256164644
39,4,3,1,1,1,0.07356043028896857,1,8,2,2,1,-4.086786313958633,-5.978040735654899,-2.0747815606860365,0.6382857727304057,0.005515720101696167
29,4,2,4,4,0,0.7970364901919427,0,9,7,7,0,-7.769859636544705,5.612093006906674,0.9254731763743449,1.599135810872374,0.10059205459177349
49,3,3,5,1,2,0.9310272094494833,0,22,2,3,0,12.324947462100198,-7.954979627809196,-1.5348531419276439,-0.19110010125887378,-0.006594900728741526
38,1,2,1,1,2,0.09750052731491247,0,20,0,1,0,2.2898499914786186,-4.103111895408697,-0.9686710748497531,-1.8679959214740613,0.0041372880411665175
42,1,3,4,4,2,0.7900759333473951,0,16,0,1,0,2.7092377050372036,-7.255225430935736,1.9606973466520088,-1.1409980205974082,0.0854207960661802
34,4,3,3,3,0,0.4017612318076355,0,9,7,8,0,-4.1119847977858015,3.2488786980610165,-0.10790475620493245,1.315505411849168,-0.07600633422337655
36,3,3,2,4,1,0.2940835266821346,0,17,8,16,0,4.878527093770472,9.547439261347515,1.082477969860202,0.7878948908290377,0.016383093565901133
27,3,3,2,4,1,0.175754060324826,0,5,2,4,0,-13.533307086737661,1.893813382422108,1.256183719107178,0.7482116441474727,-0.08532099469890195
40,3,1,3,1,0,0.5232545876397384,0,20,0,1,0,3.8191116896992767,-5.2016500799895,-1.4102402767958704,-0.03700389374230362,0.001168089567160635
34,4,2,3,3,1,0.3202910778316811,0,10,9,10,0,-2.565190872880578,5.574023715653693,-0.1736465875233164,1.2626722662703385,-0.16104907594229143
43,3,3,3,1,-1,0.4733178654292344,0,10,0,1,0,-0.49735640637433676,-9.245279909384754,-1.4562564675234853,-0.1598261928313276,-0.017142245916180188
31,1,3,3,4,0,0.5159249103564649,0,13,7,13,0,-2.087073120285119,9.290168370037218,1.8200242657418133,-1.1321211155252395,0.033457342073161256
41,4,3,1,4,1,0.09349293398017296,0,12,3,5,0,0.9250298450282557,-3.8610785760722255,0.8247562967652693,1.7360685987546542,0.035314327561405595
31,4,1,2,1,1,0.21060957603881042,0,10,8,10,0,-4.852584354916807,6.933565849462507,-2.0310029206628855,0.706036398291499,-0.07641583244033884
45,2,3,2,3,2,0.23149124657245307,0,12,2,4,0,3.2824030018697385,-7.262560761961462,0.5381228234875193,-0.535851800676773,-0.03982011506321456
33,2,2,2,4,2,0.19368276734866063,0,9,7,7,0,-5.1846693887738695,3.1399117439892006,1.377324500732817,-0.28532360702369663,-0.0715382125758352
36,3,4,2,4,1,0.08236658932714618,0,17,2,5,0,0.6039256239284043,-0.10424914073882441,1.2109214986527952,0.8956364668505499,-0.19126568224951115
33,2,4,1,2,1,0.053733389580257335,0,14,11,14,0,0.6842958018499843,10.418103567389739,-0.693061583046652,-0.7852748367056908,-0.006141561717322691
31,1,3,1,3,0,0.10029529635098079,0,5,2,5,0,-10.546217846119145,0.14562093900032913,0.9162589450292067,-1.4122884388016468,0.049377282399083816
19,3,1,1,1,2,0.06939464248048935,1,1,0,0,1,-23.2003289228814,2.265986729049221,-1.6095093247589105,-0.3123704155382079,-0.005410127200083215
32,2,4,1,2,1,0.09412571187513182,0,5,1,5,0,-10.02293581320458,-0.8527321373592098,-0.369419466605047,-0.7757099619298895,0.0403594060122273
36,1,3,2,4,2,0.3569921957392955,0,18,9,11,0,4.147785277500958,6.815112470400936,1.6056153999320715,-1.1230429608553476,0.07934688534053383
37,3,3,2,2,0,0.16146382619700483,0,19,0,10,0,3.7862253539409636,2.32527029981647,-0.5079360103947108,0.34156639847211334,-0.13283997454130927
29,2,2,1,1,-1,0.06907825353300992,1,1,0,1,1,-16.01192420966854,-3.007563231695647,-1.2556752271416562,-1.2343741603080727,0.007588446326193182
29,3,3,1,4,0,0.07936089432609154,0,11,5,7,0,-7.02343514122488,5.1731499561559975,1.1441802472575693,0.8495867549477714,0.021615381424726535
41,2,1,5,3,-1,1.0,0,21,16,21,0,13.853229421968862,14.012951345605966,0.4296190594282334,-0.6507286513375439,0.07624252706651705
30,3,3,2,4,1,0.28148070027420374,0,12,9,11,0,-3.7979518538096286,9.039450004291353,1.0278286704443758,0.7360342612728581,0.012850217271460102
39,3,3,3,3,2,0.6567707234760599,0,9,3,4,0,-2.520095632107328,-3.9412748143419893,0.2525235729467046,0.3451397832732228,0.17110906797829362
22,3,3,1,1,1,0.07324404134148914,1,1,0,1,1,-20.83018488530902,1.142340029961991,-1.6415477055007601,-0.27707094944008936,0.009365392623083807
31,3,1,2,3,1,0.1759122547985657,0,6,4,5,0,-9.539362439451512,1.174851140645691,0.2899623223902805,0.3709326415777152,-0.09618420021841201
45,4,3,4,4,1,0.8775047458342122,0,26,3,9,0,14.047174634742035,-0.2991080682085734,0.9894558421282793,1.8104186203099166,0.1526454170664944
42,1,3,2,3,0,0.1870385994515925,0,19,4,5,0,6.316838101915053,-2.450675162098273,0.860251933784179,-1.329077657636289,-0.0929970965030111
31,3,2,3,3,1,0.41837165155030587,0,10,9,10,0,-4.620212172070445,7.364574086052402,0.1492090355228708,0.33669103186403904,-0.06544665187043816
51,4,1,2,2,0,0.23586796034591861,0,13,1,4,0,7.891035121709265,-10.981955416139646,-0.8855206037623419,1.0557399779587895,-0.049117969781271004
34,4,2,2,1,2,0.228538283062645,0,14,9,13,0,0.8200968218154259,8.422108701973134,-2.120348660726625,0.7250643931511096,-0.061204220376005314
33,4,3,4,3,2,0.8666420586374183,0,10,8,10,0,-3.3315965592490855,5.817993513134123,-0.14658960635969454,1.231917996609333,0.16712848114470613
40,2,3,2,2,1,0.24615060113900022,0,15,8,11,0,4.825259904164895,3.3655658864530356,-0.5413490345910957,-0.8263284203344337,-0.031574500488112056
33,4,4,3,3,0,0.38868382197848556,0,10,8,9,0,-3.701731855228452,5.115200961266799,-0.1667171015030393,1.3389023259914348,-0.08590460401446623
34,2,3,2,3,1,0.24810166631512343,0,6,5,6,0,-7.018319459719944,0.43084576277759723,0.4997593481536238,-0.578046956761729,-0.013276048115682532
34,2,3,1,4,1,0.08869436827673487,0,10,9,10,0,-2.705469238759882,5.500867543390596,1.2726217096242045,-0.22708652545371377,0.03935453124880914
30,2,4,3,1,1,0.5487766294030796,0,9,7,8,0,-6.857852697661222,5.615369043508839,-1.4220329549978354,-1.1721605994150444,0.062449352709910075
45,4,3,2,1,1,0.13836743303100613,0,9,8,9,0,3.8120559533234086,-2.3113318184842964,-2.1454026619580153,0.6300067945330379,-0.12935079091451732
37,1,3,3,2,0,0.41262391900442946,0,9,5,9,0,-2.0505872562411156,1.3655831514912347,-0.04137661357606559,-1.817938939997751,-0.06745445716273601
31,4,3,2,4,0,0.3447584897700907,0,13,7,7,0,-3.9937810477172917,5.2357761363398865,0.7969739204949351,1.7445629233840494,0.07160022736967515
32,4,3,1,4,2,0.10857414047669268,0,8,7,7,0,-6.585603907546481,3.461415249326455,0.6775493102904273,1.6491604777503843,0.056601403777085904
30,1,3,1,3,1,0.05921746466990087,1,7,2,5,1,-9.980146380768531,1.180581685506116,0.8004073745822906,-1.5403980951126097,0.0008584873821825267
33,3,4,2,1,1,0.23027842227378192,0,10,3,5,0,-5.7679764135298655,0.4745160940515465,-1.6566981789557769,-0.13226707728028586,-0.046865135508486505
38,3,3,3,3,2,0.36131617802151444,0,10,0,1,0,-3.94773058309314,-6.2753870217042,0.351112265633855,0.41424335756453345,-0.12322956771242416
41,3,3,2,1,0,0.10878506644167897,0,17,0,1,0,2.513941588763579,-6.525202894912097,-1.5251358781284177,-0.018959509623181603,-0.1813485335692598
51,1,1,3,4,2,0.508384307108205,1,18,2,4,1,11.289657069154593,-9.431454534838133,1.8015375822204869,-1.3313320485644176,0.00847164566811752
38,1,2,2,1,0,0.27836954229065597,0,13,3,4,0,-0.7157701280533288,-2.4744036376556,-0.9576506605825086,-2.0136268157328168,-0.008350225331840627
27,2,2,2,3,1,0.13346340434507487,0,9,8,9,0,-8.535051164326585,8.433478497887828,0.45871163975163554,-0.5428243780248656,-0.13609188048363732
53,4,3,4,4,2,0.6995359628770301,0,33,9,12,0,25.831637518185097,0.8044580339015557,0.7235581822436694,1.7592541545528855,-0.025640114397279312
30,4,3,2,3,1,0.226323560430289,0,4,1,2,0,-12.877518336956658,-1.844898442345455,0.014129107476459568,1.3652192881269425,-0.03887544129695364
30,2,3,1,4,2,0.0037966673697532177,1,1,0,1,1,-15.342872619788885,-3.6116059829249227,1.4465897070838112,-0.37778289154406597,-0.04099424301053084
30,4,1,1,3,1,0.1489137312803206,0,7,2,2,0,-10.882128681583815,-0.8146384457392077,-0.007090809421932853,1.406186444545689,0.07996733254848895
58,4,3,5,1,1,0.9856570343809323,0,32,8,9,0,27.637288193992404,-4.755789199539313,-2.028673517269698,0.7895163651307349,0.03765659125980224
34,2,4,2,4,0,0.45960767770512556,0,16,1,15,0,1.497664094423854,7.170219388607251,1.6663373298167288,-0.020994534803458365,0.17782150114465423
51,3,3,2,4,1,0.20707656612529002,0,18,7,7,0,12.915908439549007,-5.55855848124582,1.0148258817713989,0.7241255944242004,-0.06273515901063681
39,3,3,4,1,1,0.8468150179287071,0,21,9,21,0,11.314182035531644,12.447717861406009,-1.670625456092577,-0.18593455465409114,0.12171700636250467
36,2,3,3,4,2,0.47305420797300146,0,10,3,10,0,-2.1143652623939673,2.085000264722172,1.5579422667030058,-0.2583130581095059,-0.007472928765084985
32,3,2,2,2,1,0.22247416156928917,0,13,12,13,0,-0.7196816891386888,10.551492141758292,-0.939776659857359,0.06628808914187756,-0.05604701745555141
56,1,3,1,3,1,0.10192997257962456,0,18,4,5,0,15.207673758178707,-11.061596360008467,0.7349279078357027,-1.4231924544557424,0.0394786867928605
57,2,4,2,3,-1,0.20517823244041344,0,13,9,12,0,15.686771450931943,-6.149261700509905,0.3491982888107381,-0.6128498036114394,-0.04753176893419703
57,1,2,4,4,0,0.6912571187513183,0,32,0,1,0,23.224094715348848,-12.571835338947194,2.0191612044201275,-0.950806131090451,-0.03707789548154636
40,4,2,1,4,2,0.07029107783168108,0,5,2,4,0,-4.693442894811483,-5.89349302343677,0.8528261068245031,1.606162777069006,0.0193221131583438
23,4,3,1,1,1,0.04118329466357308,1,1,0,1,1,-20.14664296891718,0.5438614442443654,-1.9575654754753744,0.6615113724879746,-0.022648917238444755
53,2,4,3,4,1,0.31617802151444846,0,11,3,4,0,8.368073524587324,-11.825449139700064,1.4661855585319035,-0.31020173265329287,-0.1479753270839322
38,4,2,1,2,2,0.07545876397384517,0,4,3,4,0,-6.551722537900144,-4.555207187167754,-1.0695290567816977,0.975266330725411,0.017488742365714502
36,3,3,1,2,1,0.059797511073613155,0,8,2,5,0,-5.212643783156583,-2.1747561757033207,-0.7007564153838239,0.1611272066693683,-0.0013812437122305288
29,2,3,3,4,1,0.3643218730225691,0,11,10,11,0,-4.893863443121425,9.834272518180729,1.350902018479024,-0.27092634227097,-0.11026945592436396
38,2,1,3,3,1,0.6431659987344442,0,20,16,18,0,10.08278016763689,13.479368663276937,0.2603409665023524,-0.6159701163863951,0.14197677973056286
47,1,3,3,3,2,0.4020248892638684,0,25,14,17,0,18.830387421387186,7.793045603410654,0.5225206709878785,-1.5031873326652272,-0.09242336714959179
32,4,3,2,3,1,0.20428179708922167,1,10,4,10,1,-4.796782854719517,4.801978919553344,-0.13988256750466488,1.2590167930332408,-0.0720175302087453
36,2,2,2,2,2,0.2894958869436828,0,6,5,6,0,-5.652534646950446,-0.7668316949693654,-0.45337829174906497,-0.9385648285417085,0.018336065512041838
49,1,2,2,1,2,0.1726956338325248,1,20,3,4,1,11.2688320397382,-7.469566120292933,-1.1418724626224412,-2.1652369926552826,-0.12481602402889982
34,3,2,1,1,2,0.17781058848344233,0,6,5,6,0,-7.100909371605635,0.37761624814451267,-1.7508697903229076,-0.248683756993886,0.11035746980753569
39,1,3,2,3,2,0.18587850664416788,0,9,7,8,0,-0.7611057476474059,0.22483197978510105,0.7012314564029867,-1.5615613692676968,-0.07539560966640196
30,3,2,3,3,2,0.3936405821556634,0,12,8,11,0,-3.8863960175487122,8.689095355552066,0.16595447312011014,0.36451032104588377,-0.09636290198095632
51,2,3,3,2,1,0.5055368065808902,0,14,2,4,0,8.757167315689266,-10.345490020102774,-0.34474750406139676,-0.866081854326592,0.01595261772722409
60,1,3,2,1,2,0.2318076355199325,0,10,2,2,0,11.69193816560847,-17.99360837717859,-1.1020206688836107,-2.2242853031334793,-0.035709865996985474
50,2,3,2,3,0,0.3015713984391479,1,12,3,6,1,7.473070201597494,-8.513795578007857,0.4742681567274185,-0.6776836542100577,0.031065268171571903
45,4,3,1,4,1,0.05921746466990087,0,8,4,5,0,1.2708813901312581,-6.7621062566469465,0.7702188581993885,1.6321743598833365,0.01265782693106704
56,4,1,3,4,2,0.3296245517823244,0,37,4,6,0,27.769666568327892,-6.034904592230253,0.8840442615756909,1.8870386679006748,-0.19919230237812582
46,4,3,3,4,0,0.39912465724530694,0,12,8,9,0,6.496614792667202,-2.1683612517441073,0.7680801482817456,1.5764776534340577,-0.07299167475383461
42,2,3,1,2,0,0.09264923012022781,0,7,3,5,0,-1.5702839551296321,-5.5824640303376025,-0.4139821295227373,-0.8291263564132016,0.038975883851528184
60,3,1,3,4,0,0.5206707445686564,0,19,0,1,0,16.908582142148248,-17.325377916089394,1.3585657942622993,0.7362506500802106,0.023939583851038893
53,3,2,3,4,1,0.48302045981860364,1,34,7,33,1,32.47068283104932,14.259466460199429,1.1768139222197795,0.7556057801439819,-0.04281255086107047
39,1,3,2,1,1,0.2184138367433031,0,10,0,10,0,-0.5862473203162537,-0.8991518522948958,-0.8730525007307419,-2.0365152038816423,-0.0619635491290913
48,4,2,5,2,1,0.9837587006960558,0,29,10,22,0,23.12544026374544,9.985753160068203,-1.0164730574708276,1.0647116085757293,0.03671594617263635
37,3,3,2,4,1,0.2896540814174225,0,7,4,5,0,-4.780425523195454,-2.178674246811374,1.1552374857739374,0.6842706858896981,0.029289621112593867
41,4,3,2,4,0,0.23507698797722,0,12,2,6,0,1.155122441981618,-3.5304339814661763,0.9489562998899557,1.7353941053586102,-0.034419866835530194
21,1,3,1,4,2,0.08442311748576249,0,3,2,3,0,-19.30592537965198,4.309772864222863,1.8139299354251988,-1.1193947010394827,0.035610377946735355
32,2,3,2,4,0,0.1789706812908669,0,8,2,5,0,-7.874641816055355,0.2672312332935842,1.5938179002107857,-0.15780743757576365,-0.08352437298947543
37,4,2,1,3,2,0.057002742037544823,1,7,0,0,1,-7.0192733688101825,-7.1034729979797095,-0.11729173415411798,1.2389040608686788,-0.008054110223930377
45,1,3,3,1,0,0.2215249947268509,0,24,9,24,0,18.189050567666158,11.520155690753057,-1.0599937154697476,-2.0011378967892157,-0.2820769876585989
41,4,3,3,4,2,0.6634676228643747,0,16,0,1,0,1.9432595404390227,-6.706042081436182,0.979529896467741,1.7391494835829366,0.16553872377959183
42,2,4,2,2,1,0.07187302256907825,0,18,0,1,0,3.8347850019451215,-6.899784675877195,-0.33375251589492505,-0.6563498264236358,-0.20992054886563846
42,3,3,2,2,1,0.3066863530900654,0,10,7,9,0,2.243188014195141,-0.6724345937806273,-0.8381648050720382,0.04050205436186616,0.036357348984811785
24,4,3,1,2,1,0.05399704703649019,0,1,0,1,0,-19.442382619147807,-0.041819538071472095,-0.9282168437049014,1.1040473901145278,-0.0021669278571995743
33,1,3,2,1,2,0.3804577093440203,1,6,2,5,1,-8.491215048615384,-0.8083303216074746,-1.0848762093367317,-2.255063469693674,0.10057681309993818
43,4,3,2,4,1,0.2400864796456444,0,12,2,5,0,2.2170556211333547,-5.396130789635999,0.9033996680049976,1.6980739008904582,-0.029366764536418316
38,3,3,1,3,1,0.08832524783800887,0,3,1,2,0,-8.096595700723508,-6.872966166693731,0.2533264910065687,0.390738419419272,0.041073845953237556
33,4,3,2,3,2,0.28364269141531323,0,14,0,0,0,-5.205389352781964,-3.105125087520898,0.004926432436400674,1.4945976426615166,-0.0024743839914395105
53,1,2,3,4,1,0.5233600506222316,0,35,2,5,0,23.83874514496464,-6.1217319713903375,1.9035915887605765,-0.8923737107137071,-0.0006273232701923814
43,3,3,3,1,1,0.5173486606201223,0,18,7,8,0,7.803786279100528,-0.10038608621347933,-1.739797802440724,-0.18494656981062363,0.015227528506275137
42,4,2,1,1,0,0.08352668213457078,0,10,6,9,0,2.0176588144954692,-1.0917324435564755,-2.0409178994891946,0.7414851057120746,0.015844126802250336
29,2,1,1,1,1,0.058531955283695425,1,7,7,7,1,-9.292614230062778,5.023957452251819,-1.5166635901073182,-1.3058655415493732,-0.013719010197351528
29,2,3,2,3,1,0.1753849398861,0,11,7,8,0,-6.343548941793809,6.636488515248253,0.45522675387912437,-0.4943647422040245,-0.0945933261590321
37,2,3,1,2,1,0.10614849187935034,0,8,0,1,0,-6.048744945390439,-6.205156818676771,-0.3398987838114238,-0.7604497190481729,0.044023262689971907
50,1,3,5,2,1,0.905030584264923,0,28,3,8,0,18.526937270271397,-3.46077567514382,0.062457924520057606,-1.676830675942291,-0.035087619967188316
29,4,3,2,3,1,0.19194262813752372,0,4,3,4,0,-12.6477766648071,0.8522409985444472,-0.04686584574499508,1.342714928227787,-0.0710515613286542
33,1,3,3,4,2,0.6564543345285805,0,15,14,15,0,2.2373936447817258,12.553867425860593,1.494083711320114,-1.2643819609372586,0.17373388757692979
55,3,2,4,1,2,0.8303627926597764,0,31,7,9,0,24.708546528257507,-3.6146307661687604,-1.717349911736465,-0.13820678966426625,0.08873055424130352
51,2,2,3,2,1,0.6054102510018984,0,16,9,10,0,12.938259639564414,-3.201032447635667,-0.5427394070625038,-0.9530083675552796,0.11242475749304255
30,1,1,1,3,0,0.0845813119595022,0,10,7,10,0,-5.75128741658839,7.131887540146838,0.8242867717117945,-1.430485761210972,0.02001576417127443
49,1,2,5,3,1,0.9334528580468255,0,23,0,1,0,12.05857171464293,-9.803890328425316,1.108255808553545,-1.4126574523034638,-0.0001392665397474402
47,3,4,2,3,0,0.21398439147859105,0,20,10,19,0,15.567301898910962,6.434003361452652,0.04795577255499217,0.46714128485722384,-0.05970241419148731
31,3,3,1,2,2,0.07867538493988609,0,1,1,1,0,-14.488334264932561,-3.832834989544045,-0.70936219131779,0.07405390066889295,0.026715420400925033
47,2,3,1,3,2,0.05779371440624341,0,7,2,2,0,0.7816547343634497,-10.95531398760201,0.46831969779535587,-0.5883329328961202,0.009206399673675453
58,1,3,1,3,0,0.07187302256907825,0,2,2,2,0,5.154878619473486,-18.61921332689132,0.8069360101221938,-1.6361617629153553,0.04126678020942956
41,2,3,5,3,1,0.977430921746467,1,23,15,22,1,15.250674453947802,14.720323774458702,0.2613856258694658,-0.7653905847880131,0.05265126297851176
29,4,2,1,1,2,0.1463826197004851,0,5,4,5,0,-11.63134882488373,2.077672983371256,-2.0160711696844116,0.7281865563052916,0.07696012708343045
50,4,4,1,3,1,0.11664205863741826,0,20,8,20,0,17.54156768859287,4.501038443553879,-0.2702651857618863,1.434368451803584,0.049789771023625404
32,3,2,1,2,2,0.09639316599873445,0,6,2,6,0,-8.935612534051025,0.42515793173635075,-0.6846121089740642,0.11483200307969588,0.030753216383730214
44,2,3,5,4,0,0.951276102088167,0,23,7,22,0,16.101983273246077,9.885671197580034,1.624206053039394,-0.19723730241150905,0.02775270640999121
38,3,4,1,3,1,0.09676228643746045,0,7,6,7,0,-3.2522251970408433,-0.7233764911999483,0.06541996442517761,0.3963101447946662,0.05080471394253078
45,2,2,1,3,2,0.06670533642691415,0,1,0,1,0,-5.03203659239394,-12.543147420876783,0.5716495746782799,-0.6572257608397605,0.022058702520763376
46,1,3,3,3,1,0.5018983336848766,0,28,2,2,0,13.653970076247404,-5.542323802895568,0.9263760880538954,-1.2475109910107922,-0.01113127391305338
34,4,4,1,4,1,0.10140265766715882,0,6,0,5,0,-8.168884496029936,-2.195813631981041,0.9277915684595943,1.7448615788370745,0.05206786587370539
55,3,3,2,2,1,0.2834844969415735,0,17,7,8,0,15.326824164096003,-7.50922142805617,-0.8818376338929187,0.06689089743971799,0.00673106883501752
19,2,4,1,4,2,0.10467201012444631,0,1,0,1,0,-22.872858295299547,2.941681990411496,1.539850790074204,-0.14844492417873711,0.05954864205049709
32,1,3,2,4,1,0.27172537439358785,0,9,8,9,0,-5.098224170194083,5.45852751287927,1.6699276798099578,-1.1993961740083015,0.01160701527752922
40,3,3,2,3,0,0.15640160303733391,0,11,7,8,0,1.2091227614679454,0.08689320620103658,0.13944111398539638,0.40282779784343514,-0.1078586812641682
30,3,2,2,2,0,0.22147226323560432,0,11,8,11,0,-4.586545763609969,8.431452405211726,-0.7611162598900841,0.13007763023024177,-0.0573913210316527
48,4,3,1,3,1,0.06591436405821556,0,13,0,0,0,4.3821893645627625,-12.300284786730993,-0.05896516416790498,1.444168332573538,0.0028167076229598798
45,1,2,4,4,1,0.832261126344653,0,22,8,20,0,15.617894966069557,8.074167414403508,1.8330335533847835,-1.1791680511606129,0.11897686323571828
29,2,1,1,4,0,0.09022358152288547,0,10,7,10,0,-6.438878150025651,7.730758770736962,1.459821500433445,-0.17211861879753965,0.028388845421610368
46,4,2,2,1,0,0.1901497574351403,0,19,13,16,0,13.786636071902493,5.946622681286433,-2.225094149311846,0.7167217439648015,-0.09637802754611463
41,4,3,2,3,2,0.21060957603881042,0,8,2,2,0,-2.6287195715188076,-7.121081048671632,-0.08990867784922796,1.3177431390482113,-0.05641062558772872
41,2,3,1,2,2,0.11237080784644589,1,4,3,4,1,-4.504610017516185,-6.347024648412349,-0.5722563180924897,-1.0613873712376574,0.058761134566783044
52,4,4,4,3,1,0.6453279898755537,0,24,3,5,0,16.353049927569373,-7.604160869226726,-0.037096798648248,1.4448894069483833,-0.06653474906474682
51,1,2,3,1,2,0.34143640582155665,0,23,12,13,0,18.77098936689959,1.5159794250420973,-1.3000081856367762,-2.1598839900885194,-0.1607594750861082
36,3,3,1,4,2,0.08621598818814595,0,7,2,3,0,-6.463824766040542,-3.730791612845822,1.1428838889858375,0.7352245028102016,0.03473786074250822
38,2,3,2,1,1,0.2986711664205864,1,17,0,1,1,0.43708623473619923,-4.744639964411812,-1.32216903452752,-1.1125847271611895,7.292353554394504e-05
31,4,3,2,1,2,0.22795823665893272,0,10,2,5,0,-7.303248156954066,1.2796235151683977,-1.9263611682987305,0.7999948183149246,-0.05779718632335715
44,2,3,2,1,0,0.23439147859101456,0,9,3,4,0,0.8466576630568738,-6.957728105768586,-1.3235986848297416,-1.1559910968120097,-0.03746984612223059
30,3,3,2,4,0,0.22648175490402872,0,10,7,8,0,-6.289739156380346,5.825396967346844,1.1164379707792398,0.7591042304241613,-0.037818655074974034
31,4,3,1,2,2,0.06818181818181818,1,3,2,3,1,-12.468780151297214,-1.6707520412629524,-1.1338697220107141,0.8934048229340634,0.00926449645432137
27,4,3,1,3,2,0.07303311537650285,1,8,2,8,1,-10.500365506615488,5.183172192386378,-0.14032515679633817,1.303879085949002,0.005933520978086304
24,4,2,2,3,0,0.17759966251845605,0,5,2,4,0,-15.589094902376232,3.6847687622497904,0.07185523083846701,1.414975835561405,-0.09396963045002543
50,3,2,1,3,1,0.14137312803206076,0,5,2,3,0,1.8736426628009681,-12.51509133038615,0.21469713466108375,0.3128994013537296,0.09164461115490553
39,4,2,2,3,1,0.25801518666947904,0,17,11,15,0,7.09072598293055,8.238107119057274,-0.2759404125553837,1.3486636252786965,-0.023744890355688608
30,3,3,2,3,2,0.19436827673486606,0,10,4,8,0,-6.765308601156924,4.6581652657663675,0.22136934558311738,0.4460170779399677,-0.07924344891240903
30,4,2,2,4,1,0.21709554946213883,0,10,8,10,0,-5.536046808735922,7.540611098580214,0.7761648774739001,1.6488743041223684,-0.05272817414968908
59,3,2,5,4,1,0.9404661463826197,0,30,2,3,0,24.301198715274893,-12.08295372957001,1.336470658611167,0.8001064679855006,0.0022674129103882473
36,1,4,3,1,1,0.5644378823033116,0,10,7,8,0,-2.0996751043549224,2.268584665360759,-1.1281271132978072,-2.1407876109960275,0.07994539935001752
29,4,2,1,1,2,0.07356043028896857,1,3,0,0,1,-15.063258402364667,-3.2489771332377924,-1.9838357457089657,0.6139387872666142,0.0029332098549686852
30,2,2,1,1,1,0.05399704703649019,1,1,0,1,1,-15.338483038608672,-3.616091461545322,-1.3243603188704614,-1.2899587513485222,-0.008709256237005969
50,3,3,5,2,2,0.9975216199114112,0,21,4,5,0,13.291472744771198,-6.6681349281731155,-0.6577103153395318,0.06339646237296703,0.06731558882921257
37,3,2,1,1,1,0.15350137101877243,0,17,1,3,0,0.45458314897469876,-2.462199714956224,-1.5854901779412969,-0.010406375734187012,0.06373095149410471
38,1,2,3,2,1,0.5827884412571188,0,19,8,10,0,5.779212996776032,4.838595438237142,-0.14735602908121326,-1.7501620603548682,0.07806728740114732
41,4,3,2,4,2,0.27531111579835477,0,16,3,14,0,6.284671257910695,3.0840977013775603,0.8994953089353339,1.7316483153555025,-0.005168314288230169
29,4,2,1,1,0,0.058004640371229696,0,1,0,1,0,-16.005818506005088,-3.0144353345426946,-1.8259410003760874,0.7732280785095837,-0.003602178968895031
45,4,3,2,4,1,0.14174224847078676,0,12,9,10,0,6.187185086873491,-0.5684222090004418,0.6593451376201329,1.5838189676777805,-0.11738799304954656
29,1,3,2,1,1,0.2301202278000422,0,6,3,5,0,-11.061467593399314,1.9671108455814945,-0.9907162309011424,-2.0748152334791374,-0.04330978435596608
42,4,3,4,1,1,0.8782957182029107,0,23,6,22,0,14.490232670383726,10.627705782188489,-1.86965134880687,0.8129921585471669,0.14531131047607623
48,4,2,5,4,2,0.9099346129508543,0,25,0,1,0,12.63607720224639,-8.766167450810075,1.0872172690049215,1.742985428855695,-0.027473777355004364
20,4,2,1,4,2,0.10108626871967939,1,1,0,1,1,-22.208697273303606,2.347192481600505,0.8850811232492546,1.5615171109583468,0.04258488861636171
31,3,3,3,2,0,0.5082788441257119,0,13,8,13,0,-1.9393175619992675,9.657095424452077,-0.7333754989638225,0.129610165086131,0.015846928003496852
41,3,1,2,2,1,0.2858574140476693,0,10,2,3,0,-1.0397824617320879,-5.988312286997518,-0.6198575189827549,0.09020520563050471,0.0021151272804322413
29,1,2,1,1,0,0.06992195739295508,1,4,2,2,1,-13.489407068948516,-0.9021721330026828,-1.044027282348208,-2.1850530894886084,0.0048731358232442235
42,2,3,2,1,2,0.2186247627082894,0,9,4,6,0,0.22395467613306863,-4.060251677738298,-1.4081683249889685,-1.2069654262352807,-0.055131853144922055
36,2,2,2,4,1,0.2975638051044084,0,8,3,6,0,-4.676036024752094,-1.064942088542736,1.5473923582030216,-0.23990891087896316,0.030055285318603464
32,1,1,2,2,2,0.3019405188778739,1,10,0,0,1,-8.455690443612088,-3.4018308763627356,-0.027991164444014283,-1.8774715343703194,0.0099610112247724
36,1,3,2,3,1,0.2287492090276313,0,10,2,3,0,-4.466160880055462,-3.0102461307113284,0.9047911275714842,-1.42824789759255,-0.04072387316644635
42,2,3,1,1,0,0.08263024678337903,0,8,2,5,0,-1.08699462982824,-5.745837913935565,-1.3197243741348565,-1.1058408604355576,0.02158662820699994
43,4,3,4,4,1,0.7938726007171483,0,22,13,17,0,14.094758561723623,9.163613779241116,0.6594522082343619,1.6146819600302837,0.08769430038656877
36,3,3,2,4,2,0.1841910989242776,0,17,7,13,0,3.803456140600886,7.153529584240371,1.068475331761087,0.7798789929080061,-0.0927271859655597
36,2,3,2,2,1,0.2459924066652605,0,11,8,9,0,-1.0811084235140882,3.512123453917935,-0.5440679664192614,-0.8626936282547972,-0.025597555122402027
36,2,3,3,4,1,0.46029318709133094,0,10,7,9,0,-1.7970816383370263,2.955033425439579,1.430408349195346,-0.29012502691113884,-0.014112949977306694
38,4,3,2,4,1,0.19647753638472898,0,19,11,13,0,7.072107006378658,7.948045624282332,0.6298240158391402,1.710926068091573,-0.0790821659574514
33,3,2,1,1,2,0.0943893693313647,0,6,2,3,0,-9.16332010539693,-2.179853830616942,-1.6519346848332375,-0.19730647055588335,0.025347654372879322
45,1,4,2,3,1,0.2860683400126556,0,9,2,3,0,1.0732887022419888,-8.602037533203498,0.8443984606341719,-1.4884143862726362,0.026066336493408754
27,1,4,2,3,2,0.28954861843492935,0,9,7,8,0,-8.994308551580627,7.36945268585567,0.7100816237174377,-1.4679531894809112,0.024429014347206485
34,1,2,2,2,2,0.1893060535751951,1,16,9,15,1,2.6949483746928493,10.216337618336794,-0.31129232535240114,-1.9137256864723955,-0.0988328673750681
29,3,3,1,2,1,0.08932714617169372,0,6,4,5,0,-10.984505111257175,2.3113197393953087,-0.7561816005646737,0.1466835579733976,0.030231728447769682
32,2,3,2,3,2,0.21097869647753642,0,12,8,11,0,-2.5853117518788977,7.455017913552003,0.3944713698493316,-0.5386889517982776,-0.060649096089345766
44,4,3,4,1,1,0.8077937144062435,0,24,6,20,0,15.891016691667453,8.324943911093037,-1.8885833606761957,0.8172462339552142,0.07577680762690758
40,2,3,4,3,2,0.644800674963088,0,22,6,20,0,11.866829894233305,10.265870611349595,0.604378915635474,-0.48729036874037135,-0.07148760886521124
55,1,3,4,2,2,0.8345285804682556,0,37,9,10,0,29.155140387263927,-0.8247554945369941,-0.24404502125975447,-1.6390995499761503,0.09447604169550505
41,1,3,5,3,0,0.9707867538493988,0,21,16,18,0,12.93616569812523,11.994466742950582,0.6288095413596386,-1.587588092890011,0.057048956596247036
43,1,1,2,3,2,0.22869647753638472,1,7,3,4,1,-1.1423694785432446,-6.805303861411444,0.7888334356933939,-1.7345728112121563,-0.04321753469074305
38,2,3,2,2,2,0.16816072558531953,0,8,2,3,0,-4.380170979040571,-4.666887586295944,-0.3936206186747513,-0.8593180588653828,-0.10179725652567173
29,2,1,1,2,2,0.09233284117274836,1,2,2,2,1,-14.779637878385579,-1.356560040860792,-0.4477848758146802,-1.029840617390727,0.027621816034589727
45,4,3,3,1,1,0.6452225268930606,0,17,0,0,0,5.025683631733102,-9.542196946072567,-1.8411351667981797,0.833073536859779,0.13544986789078878
34,1,3,2,2,1,0.17485762497363427,0,5,2,5,0,-8.422264332651796,-1.6147090021281567,-0.024688541069301184,-1.8019894103930847,-0.08962329198663088
38,4,4,1,3,0,0.08442311748576249,0,4,2,4,0,-6.6914745375799605,-4.93054230688441,-0.08221471696502713,1.3764719420550815,0.04032955411211492
55,1,3,3,4,1,0.48671166420586376,0,24,0,1,0,16.666172767105465,-13.233146891699777,1.9094468321484064,-1.0343865968141763,-0.01144236893257014
40,1,2,3,3,1,0.497047036490192,0,18,15,18,0,10.02534337357325,11.450489054916563,0.5719841760323783,-1.5748578793824048,0.008246338581916687
20,4,3,1,1,2,0.09064543345285804,0,2,2,2,0,-20.94363436547935,3.9886029151867834,-1.9623047811207435,0.7855402846965047,0.026386467268519467
33,1,1,1,4,0,0.12650284750052732,1,8,3,4,1,-7.426173614987345,-0.6434394127801966,1.785808606284854,-1.258075694689026,0.06438619127491209
31,4,3,1,4,1,0.0710293187091331,0,8,4,6,0,-8.03223370123207,2.2464717397589062,0.8221977757739054,1.7237958653231038,0.0171129726439717
40,1,3,3,4,1,0.49108837797932925,0,14,10,11,0,4.573667016932639,3.959981938336421,1.6305764076201654,-1.2416213375453846,0.014502566921895194
50,4,3,4,1,1,0.8883674330310062,0,32,2,2,0,19.020540834133982,-7.001656446652484,-1.8633080226617809,0.9694370181018597,0.14078791157735251
27,4,3,1,4,2,0.08284117274836532,0,6,2,4,0,-12.97621579446195,2.071269332598879,0.8651951966035798,1.7230423294540227,0.027592454858532678
36,4,3,3,1,1,0.3855726639949378,0,15,8,12,0,2.4526469336274914,6.445400878508429,-2.0453359474871315,0.7433935758909813,-0.11205344528331485
53,4,4,4,2,2,0.822031217042818,0,35,8,9,0,26.041537553207263,-1.1471880563839658,-1.175533613617274,1.207221663758376,0.08506030820576055
42,2,4,2,1,1,0.23882092385572667,0,10,0,0,0,-1.5728472142737644,-9.373085021312162,-1.2900070445739378,-1.0915009320444797,-0.03546524031947801
37,3,2,2,4,0,0.21904661463826197,0,17,0,1,0,-0.22728592272193993,-4.119365924099464,1.3536963577770662,0.9117626570463182,-0.06633143939922745
43,2,3,4,1,1,0.8516135836321451,0,22,1,4,0,8.294031964384892,-4.125518661628254,-1.1715936168559604,-1.0196566935801004,0.12148647988808886
23,4,3,1,3,1,0.01128453912676651,0,1,0,1,0,-20.1285272499089,0.559091056731642,0.019675983734826152,1.4179390799496003,-0.03994219149470507
52,3,3,1,1,1,0.10235182450959714,0,12,4,5,0,8.627783986045145,-10.045483209181223,-1.7713712862161257,-0.21638202096704795,0.038228432752012265
29,1,3,1,4,0,0.14506433241932082,0,3,2,3,0,-13.802276217100825,-0.4431066612322958,1.8535847986716816,-1.123459798499466,0.10091523451904781
50,2,2,5,3,0,0.9349820712929762,0,29,3,27,0,24.95335378689539,9.469584690364421,0.8805824329157257,-0.4089457651784185,-0.011233966231174425
42,2,3,2,3,1,0.20554735287913944,0,20,16,20,0,13.359207902942664,12.379653162658247,0.15056684447431778,-0.5706800111314667,-0.0678742155386785
34,2,4,2,3,1,0.17902341278211348,0,6,3,4,0,-7.935654085969595,-1.6767407047316478,0.5327884045867359,-0.532580919002906,-0.07844228836557288
32,3,3,1,2,1,0.1540814174224847,0,6,3,4,0,-9.382964009556783,-0.5262329120702756,-0.73357079821767,0.14106637168671377,0.09407750486451866
56,4,2,2,1,1,0.2304893482387682,0,6,0,0,0,5.477105940312093,-18.608631815577127,-1.9023126815195501,0.6115806818348215,-0.03995890570806046
27,4,3,1,2,0,0.14801729592912888,0,5,2,5,0,-13.297947773604331,2.5161758706097324,-0.953162988549073,1.1413710749971582,0.08613771498078011
40,3,3,1,1,1,0.12486817127188356,0,7,3,4,0,-3.2559803039858153,-5.072878890772236,-1.7038575385715287,-0.20239280423570705,0.06302289980857795
37,1,3,3,3,0,0.47663994937776843,1,17,0,1,1,-0.16519021530401545,-4.089417446910252,0.9629500019594042,-1.451777384713423,-0.02307950414382476
33,2,2,1,3,0,0.05267875975532588,0,1,1,1,0,-13.10093952766676,-4.998629824386688,0.6375143157617364,-0.5432001318198028,0.0056130719973120635
36,3,3,2,3,1,0.22294874499050832,0,17,7,7,0,1.9832800163030058,3.1472213833699048,0.11808699392252175,0.4999083426124842,-0.05717935535287566
39,3,3,1,3,1,0.14480067496308796,0,8,3,8,0,-2.0846738413411288,-1.569126870467688,0.2155458007856046,0.43197968602971537,0.08834206464198237
36,1,3,2,4,0,0.2146171693735499,0,12,7,7,0,-1.196028426764201,2.0380841215367855,1.7171371794310215,-1.137816904666997,-0.04784568009160636
36,3,3,2,2,1,0.22247416156928917,0,10,7,9,0,-1.8757258872444211,2.9013791796003456,-0.8190847347229258,0.08073121501500058,-0.048975197360236034
37,3,3,2,2,2,0.16810799409407295,0,18,0,1,0,0.39618056470703067,-3.9236420653759136,-0.6315978437752378,0.28058204738822035,-0.12477562887562324
51,4,3,5,2,0,0.9933558321029319,0,31,10,29,0,28.59792681182381,13.325242356479915,-0.9779243932262828,1.1135436183669665,0.0477839154020198
49,1,3,4,2,1,0.8122758911622021,0,27,2,4,0,15.758578412524777,-6.183673027230233,0.0313761700375943,-1.631490264901093,0.08310718561042296
43,3,2,1,3,1,0.07530056950010545,1,6,0,1,1,-3.2266571582021655,-10.22632932157258,0.21424623624754968,0.2625550033415358,0.016722730445827005
33,4,3,2,2,1,0.17364480067496307,0,4,2,3,0,-10.362085079742108,-2.58729225891042,-0.9727865539956625,1.0242868977887305,-0.09244398665975598
46,4,3,3,3,0,0.5186669479012866,0,13,7,8,0,6.677577408734024,-2.998539728307568,-0.14340501919623572,1.299105979596142,0.03653191416221188
56,1,3,1,4,2,0.08321029318709132,1,5,2,4,1,6.276922352750269,-15.427879399637122,1.6203139077186866,-1.4607708354084348,0.044693985112453635
32,4,1,2,4,0,0.19294452647120863,0,9,7,8,0,-5.558716606186721,4.416632583192925,0.8578145930591738,1.6442343884002373,-0.07754435604718235
30,2,2,2,1,1,0.4590276313014132,1,10,8,10,1,-5.547170566532884,7.52656806108429,-1.5196509137680492,-1.3060980780803801,0.16976079335359368
27,1,3,2,4,1,0.16968993883147016,0,4,2,3,0,-14.471496470892845,1.0055945591731028,1.8742289858725887,-1.1569660123452108,-0.08683559272667402
42,3,3,3,1,1,0.6506538704914575,0,18,7,13,0,8.641542175431645,3.836037655104672,-1.7038651010046668,-0.18178950934111837,0.1441940644530283
20,4,2,1,1,2,0.08389580257329678,1,1,0,1,1,-22.211357037622136,2.330489367153378,-1.94958152610991,0.6408437309721022,0.012280524389128009
50,4,3,1,2,1,0.15112845391267665,0,4,2,2,0,0.9285805267466003,-13.421368653663395,-1.0805384803487494,0.9508067776403539,0.10200816433920219
19,2,2,1,4,2,0.00490402868593124,1,1,0,1,1,-22.892059809579308,2.9470307388908576,1.5130512875460196,-0.32085408861755615,-0.049689775365428984
31,1,3,1,3,1,0.10852140898544611,0,3,2,2,0,-12.741797630582735,-2.3146759516877626,0.8629586971853966,-1.4673632661075002,0.06082824581364417
29,3,3,1,4,1,0.06053575195106517,0,3,1,3,0,-13.968227474739951,-0.8379813602721597,1.233706302067122,0.7567194522212679,0.013759352041324724
42,4,3,1,3,2,0.1560324825986079,0,8,0,0,0,-2.930940839866672,-9.857119545313823,-0.07533026942875654,1.3788141227269577,0.09664981755494104
36,2,2,2,3,1,0.24593967517401394,0,10,9,10,0,-1.2604870076813626,4.348640386715099,0.39871579546173375,-0.6018371630188812,-0.02259283392804118
42,3,3,4,1,2,0.6722737819025523,1,22,9,21,1,13.985051867882063,10.87336106430695,-1.8008903406026995,-0.35513818190232227,-0.05343683115018885
46,3,3,4,1,1,0.8457603881037756,0,28,15,26,0,23.03024051569399,15.490680450541182,-1.8868930047135817,-0.2083828460078263,0.11663036794123317
39,2,2,4,4,1,0.5812064965197216,0,21,9,20,0,11.009878836311458,11.801880604774205,1.4994955816035025,-0.22275375448360357,-0.1276042532197125
30,4,3,1,3,0,0.08879983125922801,0,1,0,1,0,-15.317165032285128,-3.6042122987327705,0.029989222080677225,1.395748218562483,0.04035378434958796
36,1,2,2,4,2,0.25316388947479435,0,10,4,10,0,-2.0331248323113087,2.435691383387482,1.8157195292839237,-1.1932362231905462,-0.01669643136907628
41,2,1,1,4,0,0.09328200801518667,1,10,7,7,1,0.8661860670625714,-1.4264425242231766,1.3139425063720236,-0.39207684335869697,0.03490457077370844
22,2,2,1,3,1,0.09518034170006327,0,4,2,4,0,-17.67400059894361,4.610852662057139,0.623772812744751,-0.46359632085446734,0.03553387903857562
21,1,2,1,2,2,0.06143218730225691,1,3,2,3,1,-19.325190344680703,4.299415097249135,-0.13288834038547415,-1.89085615608141,-0.003176431122542206
41,2,4,1,3,1,0.12481543978063699,0,10,6,10,0,1.6367783946911416,0.1712541298018877,0.3898060201653122,-0.5222315046693655,0.07451544464614607
45,2,1,3,1,0,0.5189833368487661,0,24,7,7,0,12.70866727876782,-0.5894011304034183,-1.3416448727615522,-1.053551221530196,-0.00012904710332575786
29,1,3,2,4,0,0.4136258173381143,0,6,4,6,0,-10.591604341588777,3.0423898713307285,1.845433819605652,-1.1456982529370263,0.15166482066588674
51,3,3,1,4,1,0.09038177599662518,0,1,0,1,0,-0.90889763497605,-16.11340744738105,1.1865036942751523,0.5949500045173117,0.05689518267418216
34,3,2,2,4,1,0.24984180552626029,0,16,10,15,0,2.870257696131631,10.616689102035869,1.0354429683742665,0.7420361056333764,-0.02778815126275408
40,4,3,1,1,2,0.053206074667791606,1,15,4,5,1,2.2807583919617898,-2.234574546039891,-2.163372936552674,0.6887993266036272,-0.02669553286893417
42,1,3,3,1,1,0.6423750263657456,0,20,0,1,0,5.192282175590755,-6.404211249506789,-0.8849927499914143,-1.934566557444405,0.1286422256483652
39,4,4,3,3,1,0.3811432187302257,0,11,6,7,0,0.13102369367632605,-0.34223093922721226,-0.15413971702410123,1.320184830296271,-0.09521807208534969
40,2,3,1,2,1,0.07266399493777685,0,7,2,4,0,-3.4076934138956076,-5.448284875182301,-0.40822383086942327,-0.8256590698560053,0.016447010005974858
45,1,3,3,2,0,0.339168951697954,0,10,8,10,0,4.842553447617476,-1.3592187286713546,-0.17593881842671832,-1.8972410215128694,-0.1339950945244641
40,3,3,1,3,1,0.052309639316599876,0,20,3,5,0,5.344633414322942,-1.4674472192183448,0.20138667469608973,0.6184076327958432,-0.024280144846198504
34,2,3,3,1,0,0.4714722632356043,1,11,2,3,1,-5.140142762651781,-1.5649792126127995,-1.2980968452548727,-1.2257782478816759,-0.02620814086957432
32,3,3,3,4,2,0.5352246361527104,0,10,7,7,0,-5.158212262881847,3.99410409592719,1.085709992027666,0.6568065983690943,0.055407129643707975
50,4,2,3,1,0,0.6464880826829783,0,19,11,14,0,15.693443405418499,1.5039503430887127,-2.125745413658601,0.6780449059596365,0.1421099300936049
37,1,3,1,4,0,0.09407298038388524,0,13,8,9,0,0.8180480871148106,3.34706851057979,1.6424043820443186,-1.1048073708250468,0.041490870983214634
29,3,3,3,4,2,0.34507487871757014,1,9,7,8,1,-7.570771727921681,6.218050377914792,1.0124923139605746,0.5195431516772899,-0.13327441607659277
31,1,3,3,1,1,0.45496730647542716,0,9,2,3,0,-8.462549659055988,-0.22760381327102053,-0.9222860982231199,-2.0648577515565676,-0.036879007986870715
38,4,2,1,3,1,0.14200590592701962,0,5,4,5,0,-5.447167437376269,-3.2667992932496634,-0.1229594901917388,1.3074117614943805,0.08713631557828994
27,4,3,2,3,2,0.4731069394642481,0,7,7,7,0,-10.57900381279278,6.250753307134847,-0.20396704816917022,1.3183022928684887,0.200231940247185
41,3,3,1,1,1,0.06480700274203754,0,7,0,5,0,-2.7279702014999856,-6.150032680508714,-1.5857028311558197,-0.16620997419214367,0.0011065737391005581
40,3,2,5,3,2,0.9817021725374393,0,21,7,20,0,11.456473568821977,10.467519935563253,0.3309756461197606,0.371275100175235,0.04774445630811844
30,3,3,2,1,0,0.16378401181185404,0,8,3,4,0,-9.40249599047668,1.1546291269628295,-1.5917732539103784,-0.13421796726961066,-0.11266017201387182
30,3,3,2,3,0,0.1308795612739928,0,10,7,10,0,-5.683288657913831,7.154878439756541,0.1838957887550201,0.45207287133467666,-0.136197698561792
34,2,3,1,2,0,0.05267875975532588,0,1,0,1,0,-12.569055442822435,-5.9881572028025065,-0.30285049337463343,-0.8270007183528576,0.004798552832751574
40,4,3,2,1,1,0.191415313225058,0,5,4,5,0,-4.004069568087495,-4.436106542106016,-2.0036550450079957,0.6576240978629997,-0.076089899550498
29,4,3,1,2,0,0.06791816072558532,0,2,2,2,0,-14.75424827692995,-1.3552220033410816,-0.9814661357077961,1.0825478076741986,0.015136950961704587
46,4,3,5,2,1,0.9529635098080573,0,25,2,4,0,12.490174812221994,-4.81474475495302,-0.8514624608480587,1.1521162546223698,0.011761205697164642
41,3,3,3,3,0,0.37861210715039023,0,12,7,9,0,2.9124972176569344,0.4242397051447835,0.19041434398863166,0.3719794654267172,-0.10003126922089173
39,1,1,2,3,1,0.249261759122548,0,10,2,3,0,-2.4076675549956335,-4.7866930694109,0.9565249886138674,-1.4791534825692105,-0.027873532897526004
29,4,3,1,2,0,0.12033326302467832,0,8,5,7,0,-8.941003230156074,4.484524294567956,-1.0601233744440564,1.132532812265091,0.057350886979402285
52,4,3,4,4,1,0.8197637629192154,0,31,2,5,0,20.66937178464127,-6.398634499419044,0.9828886352753432,1.8604063074611625,0.08953891756961953
37,3,3,1,3,1,0.10477747310693945,0,8,4,6,0,-3.9127028716147407,-1.3308395674736566,0.1706066427185402,0.4321690067418076,0.049737406831776326
44,3,3,1,4,0,0.11527103986500738,0,8,2,2,0,-0.6269196736343616,-8.926684920330684,1.1767078355356,0.747791200082387,0.0673994854754635
45,1,3,2,1,1,0.17280109681501793,1,5,1,1,1,-2.26261501453849,-11.232556181819968,-1.0801648507422381,-2.307567774443736,-0.09407426841459277
47,2,3,2,3,2,0.10372284328200802,0,5,0,0,0,-1.3393735160027518,-13.468781658578267,0.5771286114852803,-0.6289537478669991,-0.151844439182845
37,4,3,1,1,0,0.10678126977430923,0,18,7,18,0,6.5854486546027005,10.077307381137802,-2.030220841533014,0.8985845070722078,0.02448540524357061
41,2,3,2,4,2,0.2628137523729171,1,8,4,6,1,-1.1143567320033867,-3.677171764784399,1.3414759475309073,-0.4381338775208108,6.233079299175492e-05
57,4,3,2,3,1,0.3029951487028053,0,15,2,3,0,13.130592178290172,-14.402013336353209,-0.09726799290612598,1.3470382607057463,0.029151820553831878
18,3,3,1,3,2,0.04719468466568234,1,0,0,0,1,-24.522869162117203,2.6367852701760928,0.22123218894684937,0.3233579100929038,-0.007996366832141139
32,3,3,2,4,0,0.29835477747310696,0,9,1,5,0,-7.3907177465407266,0.10802650063134855,1.320987602450596,0.8161973387254284,0.029006708966374944
33,1,3,3,1,2,0.3983864163678549,1,11,0,0,1,-7.058865687490584,-3.7496239142582883,-0.9902995112907279,-2.1827465048597907,-0.10084117234672751
32,4,3,1,4,0,0.06881459607677705,0,4,0,3,0,-11.420984401968301,-2.779074071079849,0.9832365075869347,1.7364913587811817,0.020116985009140026
39,1,2,1,1,2,0.13905294241721156,1,11,0,1,1,-2.7834667927934547,-6.729416243864632,-1.0659611394303439,-2.1603635616609544,0.05972046569176817
58,3,2,3,1,1,0.4745306897279056,1,31,9,10,1,27.292086563620728,-4.007419169633147,-1.900345936474783,-0.2637521026504479,-0.04974580591677821
31,2,3,2,4,2,0.29387260071714827,0,10,5,6,0,-6.529327393229373,3.118344269494944,1.4248470109173683,-0.21269609081607221,0.02575377601905937
39,3,3,1,1,2,0.15265766715882723,1,6,2,5,1,-4.452743183448625,-4.427842444295811,-1.776712910673408,-0.36502698894932584,0.08632154461809487
27,3,3,3,1,1,0.33763973845180345,0,9,7,9,0,-8.618132217675399,8.071615779135886,-1.6888623242642844,-0.22164690936299758,-0.15123191051237303
44,3,3,1,3,2,0.10161358363214511,1,6,4,6,1,-0.4084767063297505,-5.962244030553373,0.026015792760686995,0.18744348362058982,0.04998837059063775
45,4,3,1,4,0,0.06649441046192786,0,8,3,5,0,1.1233942699476813,-7.138653456295158,0.8413711286530792,1.670912534342107,0.019636664070150578
40,3,2,4,2,1,0.6588272516346763,0,22,3,22,0,12.017104929141198,10.45668366247764,-0.4615296814780845,0.20141100955077818,-0.0705890050574561
47,3,3,3,2,1,0.5773043661674753,0,14,8,13,0,9.673832987754302,0.3444414407429335,-0.8169938123924804,0.015008197016239677,0.08830868818620374
34,4,3,1,2,2,0.06865640160303733,0,9,2,3,0,-6.564158037681175,-2.1025958776303035,-1.0515625158700699,1.1113622294952092,0.0025653525321807785
44,4,3,2,4,2,0.18624762708289389,0,20,11,20,0,13.952037239837892,9.267616100713003,0.6231223101263839,1.659653474824971,-0.09037999428814217
36,1,4,2,1,1,0.191415313225058,0,17,7,15,0,4.420973282853545,8.478750146110457,-1.1260673998951207,-1.9916455938635298,-0.09185771182844402
27,1,1,1,3,1,0.19046614638261972,0,3,2,3,0,-15.181790887662718,0.7475919810368037,0.9441644451669824,-1.4731634545152321,0.13012488184811738
24,1,3,1,2,2,0.11564016030373338,1,6,3,5,1,-14.588161397038355,4.901520286071502,-0.19650249716034018,-1.8630226968287522,0.050660460745013264
39,3,3,3,3,2,0.5235709765872179,0,20,6,19,0,9.524705960286099,9.701770632007118,0.24058446546659296,0.4716771059690319,0.02024193213481465
36,4,2,1,3,1,0.12544821767559589,1,2,0,1,1,-10.584467845983564,-6.958715578481234,-0.07826524512549682,1.1894885821070345,0.06890361363971158
50,3,3,3,4,2,0.43234549673064754,0,16,2,2,0,8.7303444431965,-10.633583085759488,1.1912256997126318,0.7080588639409133,-0.05280285242507948
41,4,3,4,2,2,0.7912887576460662,0,22,10,22,0,13.774532096274335,12.528481419465164,-1.1091392831839988,1.0298525825643887,0.06976026764821766
31,4,3,2,3,1,0.2726218097447796,1,10,2,10,1,-5.789750156317755,4.632452301756691,-0.05941080450376912,1.293485166454376,-0.007984233746425623
39,3,2,5,4,1,0.9630352246361527,0,21,9,21,0,11.389170477907037,12.508727555675065,1.2411966647335901,0.6805973513537524,0.03664106380527116
44,2,3,1,4,2,0.07524783800885888,0,6,3,4,0,-1.15154389183202,-7.668797905395904,1.3966553419154415,-0.2928422259826151,0.032015357440959014
33,4,2,2,2,2,0.17459396751740142,0,5,3,5,0,-8.967878203960439,-0.6443775640020188,-0.9996731188978634,0.9849811561392494,-0.09802935796918347
33,3,3,2,3,0,0.3213984391478591,0,6,0,5,0,-8.77319236422256,-1.5514685705066515,0.40924046409958037,0.4689983228917023,0.05218576104377361
37,3,2,2,4,0,0.24899810166631514,0,9,2,6,0,-3.502220495547377,-1.8150083505451313,1.3031364621788895,0.753520003722921,-0.020175644378677943
37,3,3,1,1,1,0.12882303311537652,0,17,4,5,0,1.5249462927545636,0.016876950313148953,-1.718815632911991,-0.03832579888176246,0.047045310157123765
27,3,3,1,1,0,0.10715039021303523,1,5,3,4,1,-13.464664163310854,2.223338545631595,-1.7181393057926844,-0.26617853533194147,0.0412034205878436
29,3,2,1,2,1,0.08104830204598186,1,6,2,2,1,-12.22287632216618,-0.45745877110008415,-0.7555375080174859,0.0188167888315407,0.01306776341237692
44,1,2,3,4,1,0.48718624762708296,0,24,6,22,0,16.432341180126024,9.649118781156151,1.8797035785136817,-1.072449154630295,-0.017703897131779556
23,1,4,1,1,1,0.09544399915629613,0,5,2,3,0,-16.652733949338447,3.5531240146271283,-1.0236444394560038,-1.9816176718352896,0.035387609331134356
43,4,4,1,4,0,0.05695001054629825,0,7,4,5,0,-0.7332165742470309,-5.79477671982376,0.7779663722271961,1.669511563938725,0.01675371204129436
29,2,3,1,3,0,0.12286437460451381,1,10,7,7,1,-7.36867659869657,5.706707053997222,0.3468661981632435,-0.5892840197998437,0.06211287099753118
27,4,2,1,1,1,0.19853406454334532,0,8,6,7,0,-10.165793311140991,6.05311170885979,-2.038505647998139,0.7837998354990408,0.12414841120166745
46,3,3,3,2,1,0.33247205230963933,1,14,7,8,1,7.2908902454522675,-2.7887987314083222,-0.8962300049043581,-0.10207617728726959,-0.15484990925306644
32,3,3,1,3,2,0.10699219573929551,0,8,4,5,0,-7.654655726681039,0.9737251434402605,0.14779484048116154,0.4409624830664054,0.048600599020460614
37,1,3,3,2,2,0.3497679814385151,0,10,0,10,0,-1.8911173598772777,0.33081451100802184,0.09226176904387762,-1.7799023228490651,-0.13889011966275486
30,3,3,2,1,0,0.10878506644167897,0,12,9,12,0,-3.4924048795255516,9.6956531888381,-1.7685442023735325,-0.1591939997612588,-0.1687232760636758
38,4,2,2,4,2,0.15919637207340226,0,8,7,7,0,-2.3964641711117665,-0.06922027887963544,0.7349552153319114,1.5559296028219913,-0.10316495852571764
33,4,3,2,4,0,0.23708078464458976,0,6,2,6,0,-8.163777548160088,-0.11534775896650729,0.9705945222561392,1.6926265924700044,-0.024807188186300955
43,4,3,2,3,0,0.24625606412149337,0,10,7,8,0,2.6289861707830795,-1.9272200649940174,-0.18319047705625002,1.3112898498375145,-0.017703418698873097
32,2,3,2,2,1,0.27478380088588905,0,10,4,10,0,-4.775036700958623,4.80640742713501,-0.37149925482800694,-0.7960215275640277,-0.0022989765701914022
31,2,3,1,3,1,0.1301413203965408,0,6,2,5,0,-9.916111004403554,0.3622635244557326,0.5718586217937782,-0.47631486871393625,0.07446788947951702
52,4,3,2,3,1,0.11284539126766506,0,9,2,5,0,6.476196788153928,-11.440013279906834,-0.07355769620542896,1.2852568305014014,-0.14807590251948685
44,4,4,4,4,1,0.6491773887365535,0,23,11,12,0,13.58748269292878,4.681070058429915,0.6703736789241475,1.6714865747194114,-0.05231749489389467
29,1,2,1,4,0,0.08031006116852986,0,8,3,4,0,-10.154649510745735,1.7383120008892252,1.8555637956717448,-1.0735634569926589,0.024534387442098154
33,3,3,1,4,1,0.07524783800885888,1,8,4,5,1,-6.978807178032866,0.3850953210514021,1.034243000306194,0.6238664116259871,0.020603000065184285
31,2,1,2,3,1,0.18719679392533223,1,4,2,2,1,-12.05117565400635,-2.0469557099953235,0.571156895795579,-0.7183130539875946,-0.08484912215061369
37,2,3,3,4,0,0.5893271461716938,0,10,8,10,0,-0.6442061852066416,3.4175371043985905,1.428455132681069,-0.2879452621495715,0.11458541790660981
38,4,3,1,3,1,0.12112423539337693,0,7,0,0,0,-6.308393185658883,-7.693235799557888,-0.030554162108505034,1.4141120311064448,0.06348405306589258
33,4,3,1,2,1,0.09212191520776207,0,8,7,8,0,-5.590520675704543,3.528711670079293,-1.1764229349649171,1.0529455655471551,0.0328438464563483
